,City,Country,Lat,Lng,Max Temp,Humidity,Cloudiness,Wind Speed,Current Description
0,Carauari,BR,-4.8828,-66.8958,86.18,52,80,2.08,broken clouds
1,Norton,ZW,-17.8833,30.7,56.28,60,0,8.84,clear sky
2,Gizo,SB,-8.103,156.8419,82.26,75,38,6.6,scattered clouds
3,Busselton,AU,-33.65,115.3333,47.44,84,83,5.46,broken clouds
4,Yar-Sale,RU,66.8333,70.8333,31.87,83,75,8.46,broken clouds
5,Rikitea,PF,-23.1203,-134.9692,72.77,74,6,23.94,clear sky
6,Coquimbo,CL,-29.9533,-71.3436,53.33,76,75,8.05,broken clouds
7,Tuktoyaktuk,CA,69.4541,-133.0374,42.8,87,100,12.66,light intensity drizzle
8,Jamestown,US,42.097,-79.2353,68.18,69,100,8.05,overcast clouds
9,Port Alfred,ZA,-33.5906,26.891,61.3,89,2,10.87,clear sky
10,Sangmelima,CM,2.9333,11.9833,69.19,95,88,4.27,overcast clouds
11,Ushuaia,AR,-54.8,-68.3,37.06,70,40,3.44,scattered clouds
12,Kontagora,NG,10.3999,5.4695,69.8,95,88,1.28,overcast clouds
13,Shingu,JP,33.7333,135.9833,77.11,88,98,5.99,overcast clouds
14,Bethel,US,41.3712,-73.414,70.93,77,96,1.99,overcast clouds
15,Castro,BR,-24.7911,-50.0119,57.9,94,14,3.27,few clouds
16,Teofilo Otoni,BR,-17.8575,-41.5053,66.74,75,100,6.33,overcast clouds
17,Meulaboh,ID,4.1363,96.1285,74.03,89,100,5.75,overcast clouds
18,Beyneu,KZ,45.3167,55.2,64.99,48,97,4.52,overcast clouds
19,Kalangala,UG,-0.3089,32.225,69.15,76,79,13.44,moderate rain
20,Baijiantan,CN,45.6333,85.1833,77.68,16,0,2.21,clear sky
21,Kabompo,ZM,-13.5927,24.2008,62.47,30,0,5.64,clear sky
22,Lompoc,US,34.6391,-120.4579,100.54,53,0,16.11,clear sky
23,Orikum,AL,40.3253,19.4714,75.7,70,0,5.57,clear sky
24,Alexandria,EG,31.2156,29.9553,78.03,75,14,8.75,few clouds
25,Sinnamary,GF,5.3833,-52.95,80.17,81,73,11.16,broken clouds
26,Olinda,BR,-8.0089,-34.8553,74.93,69,20,14.97,few clouds
27,Vaini,TO,-21.2,-175.2,80.76,89,20,8.05,few clouds
28,Sitka,US,57.0531,-135.33,62.49,63,75,10.36,broken clouds
29,Saldanha,ZA,-33.0117,17.9442,51.85,89,0,16.49,clear sky
30,Bredasdorp,ZA,-34.5322,20.0403,48.25,94,5,0.54,clear sky
31,Jega,NG,12.2175,4.3792,75.36,90,100,5.79,overcast clouds
32,Ribeira Grande,PT,38.5167,-28.7,75.99,91,100,18.3,light rain
33,Antsohihy,MG,-14.8796,47.9875,67.75,64,0,5.99,clear sky
34,Bluff,NZ,-46.6,168.3333,45.81,69,91,2.51,overcast clouds
35,Chokurdakh,RU,70.6333,147.9167,53.02,54,100,10.45,overcast clouds
36,Carnarvon,AU,-24.8667,113.6333,62.17,49,98,10.96,overcast clouds
37,Kapaa,US,22.0752,-159.319,84.09,73,75,12.66,broken clouds
38,Mataura,NZ,-46.1927,168.8643,45.48,92,95,1.92,overcast clouds
39,Mar Del Plata,AR,-38.0023,-57.5575,63.09,76,19,14.0,few clouds
40,Norman Wells,CA,65.282,-126.8329,57.24,47,75,11.5,broken clouds
41,Albany,US,42.6001,-73.9662,68.88,85,97,1.32,overcast clouds
42,Macklin,CA,52.3334,-109.9348,88.14,19,53,17.18,broken clouds
43,Qaanaaq,GL,77.484,-69.3632,33.49,83,80,1.39,broken clouds
44,Barrow,US,71.2906,-156.7887,48.22,66,0,8.05,clear sky
45,Nalut,LY,30.3333,10.85,86.86,29,82,8.19,broken clouds
46,Atuona,PF,-9.8,-139.0333,76.8,81,29,28.16,light rain
47,Butaritari,KI,3.0707,172.7902,81.72,72,100,14.7,overcast clouds
48,Hithadhoo,MV,-0.6,73.0833,81.84,71,99,14.9,overcast clouds
49,Rawson,AR,-43.3002,-65.1023,44.82,58,97,15.59,overcast clouds
50,Olafsvik,IS,64.8945,-23.7142,52.66,78,36,3.76,scattered clouds
51,Elko,US,41.0002,-115.5012,94.64,9,26,13.0,scattered clouds
52,Viedma,AR,-40.8135,-62.9967,48.22,76,100,17.98,overcast clouds
53,Ponta Do Sol,PT,32.6667,-17.1,74.03,79,7,1.59,clear sky
54,Okhotsk,RU,59.3833,143.3,53.76,96,100,25.81,moderate rain
55,Portland,US,45.5234,-122.6762,87.58,43,75,17.27,broken clouds
56,Sungai Petani,MY,5.647,100.4877,78.67,89,96,2.77,overcast clouds
57,Grindavik,IS,63.8424,-22.4338,52.27,93,75,2.3,broken clouds
58,Bonavista,CA,48.6499,-53.1147,56.05,66,100,16.89,overcast clouds
59,Lagoa,PT,39.05,-27.9833,74.7,89,99,19.8,light rain
60,Cape Town,ZA,-33.9258,18.4232,57.27,90,0,12.66,clear sky
61,Saint-Augustin,CA,51.226,-58.6502,56.37,67,89,5.14,overcast clouds
62,Manaure,CO,11.7751,-72.4445,84.81,74,98,16.24,overcast clouds
63,Ambulu,ID,-8.345,113.6058,73.09,93,72,2.55,broken clouds
64,Thompson,CA,55.7435,-97.8558,71.76,35,75,9.22,broken clouds
65,Tautira,PF,-17.7333,-149.15,76.53,78,17,21.61,light rain
66,New Norfolk,AU,-42.7826,147.0587,49.91,81,89,1.45,overcast clouds
67,Tiksi,RU,71.6872,128.8694,41.79,84,97,6.73,overcast clouds
68,Zlobin,HR,45.2924,14.6541,62.58,87,65,1.72,broken clouds
69,Moron,AR,-34.6534,-58.6198,71.49,55,1,8.21,clear sky
70,Totness,SR,5.8833,-56.3167,80.71,81,9,10.13,clear sky
71,Visegrad,BA,43.7847,19.2992,65.25,81,84,2.33,broken clouds
72,Sao Filipe,CV,14.8961,-24.4956,78.71,88,74,15.61,broken clouds
73,Kaitangata,NZ,-46.2817,169.8464,45.93,78,98,1.23,overcast clouds
74,Dukat,RU,62.55,155.55,37.89,95,99,6.6,overcast clouds
75,Punta Arenas,CL,-53.15,-70.9167,39.31,65,100,11.5,overcast clouds
76,Allapalli,IN,19.4167,80.0667,75.99,95,98,1.45,overcast clouds
77,Arraial Do Cabo,BR,-22.9661,-42.0278,68.92,75,52,28.83,broken clouds
78,Bengkulu,ID,-3.8004,102.2655,73.4,89,100,2.93,overcast clouds
79,Hobart,AU,-42.8794,147.3294,50.25,92,75,9.22,light rain
80,Taltal,CL,-25.4,-70.4833,57.16,73,56,4.27,broken clouds
81,Nikolskoye,RU,59.7035,30.7861,46.78,94,52,4.79,broken clouds
82,Alice Springs,AU,-23.7,133.8833,57.22,26,0,5.75,clear sky
83,Seoul,KR,37.5683,126.9778,65.64,91,0,3.44,clear sky
84,Artyom,AZ,40.4723,50.333,68.14,64,54,17.63,broken clouds
85,Puerto Ayora,EC,-0.7393,-90.3518,68.56,94,100,8.01,overcast clouds
86,Kyabe,TD,9.4515,18.9449,74.73,90,100,2.55,overcast clouds
87,Glendive,US,47.1053,-104.7125,103.17,16,0,9.22,clear sky
88,Dehui,CN,44.5333,125.7,61.7,71,2,14.9,clear sky
89,Jardim,BR,-21.4803,-56.1381,81.03,32,31,3.71,scattered clouds
90,Ardabil,IR,38.2498,48.2933,51.35,100,100,16.11,fog
91,Matipo,BR,-20.2839,-42.3411,59.16,73,48,3.85,scattered clouds
92,Yulara,AU,-25.2406,130.9889,56.79,42,0,10.56,clear sky
93,Prince Rupert,CA,54.3161,-130.3201,58.69,90,100,13.8,overcast clouds
94,Nuuk,GL,64.1835,-51.7216,43.41,93,75,1.14,broken clouds
95,Poum,NC,-20.2333,164.0167,72.23,77,51,5.53,broken clouds
96,Asilah,MA,35.465,-6.0348,71.56,85,75,2.51,broken clouds
97,Lake Charles,US,30.2131,-93.2044,86.99,74,75,13.8,thunderstorm
98,Avarua,CK,-21.2078,-159.775,78.85,73,40,18.41,scattered clouds
99,San Quintin,MX,30.4833,-115.95,82.83,63,5,11.48,clear sky
100,Salalah,OM,17.0151,54.0924,77.09,94,100,5.75,light intensity drizzle
101,Komsomolskiy,UZ,40.4272,71.7189,74.12,31,0,9.22,clear sky
102,Hadishahr,AZ,38.8431,45.6635,64.89,79,3,5.21,clear sky
103,Saint-Philippe,RE,-21.3585,55.7679,69.39,77,14,7.31,few clouds
104,Cayenne,GF,4.9333,-52.3333,82.44,74,91,3.44,overcast clouds
105,Honningsvag,NO,70.9821,25.9704,47.95,81,100,14.97,overcast clouds
106,Fairbanks,US,64.8378,-147.7164,54.61,85,75,1.01,broken clouds
107,Fallon,US,39.4735,-118.7774,103.44,9,0,6.91,clear sky
108,Dikson,RU,73.5069,80.5464,37.6,87,100,19.93,light rain
109,Georgetown,MY,5.4112,100.3354,78.73,95,20,2.3,few clouds
110,Kobryn,BY,52.2138,24.3564,45.9,59,85,3.94,overcast clouds
111,Paciran,ID,-6.8767,112.3761,77.77,86,70,7.99,broken clouds
112,Upernavik,GL,72.7868,-56.1549,37.58,80,97,5.82,overcast clouds
113,San Cristobal,VE,7.7669,-72.225,82.58,87,39,4.34,scattered clouds
114,Faanui,PF,-16.4833,-151.75,78.73,72,9,20.45,clear sky
115,Lebu,CL,-37.6167,-73.65,45.54,67,38,10.54,scattered clouds
116,Svit,SK,49.0601,20.2069,51.58,93,0,3.44,clear sky
117,Cidreira,BR,-30.1811,-50.2056,61.02,93,21,10.89,few clouds
118,Benghazi,LY,32.1167,20.0667,78.26,59,0,15.82,clear sky
119,Booue,GA,-0.0921,11.9385,76.91,76,94,4.7,overcast clouds
120,Luena,AO,-11.7833,19.9167,62.74,21,0,5.77,clear sky
121,Bambous Virieux,MU,-20.3428,57.7575,70.05,78,75,6.91,broken clouds
122,Edmundston,CA,47.3737,-68.3251,72.73,47,0,4.61,clear sky
123,Abu Dhabi,AE,24.4667,54.3667,89.71,70,0,1.14,clear sky
124,Hilo,US,19.7297,-155.09,88.29,74,75,12.66,broken clouds
125,Iqaluit,CA,63.7506,-68.5145,42.53,86,75,15.01,broken clouds
126,Puerto Gaitan,CO,4.3133,-72.0816,79.03,70,80,5.66,broken clouds
127,Sao Joao Da Barra,BR,-21.6403,-41.0511,71.69,72,84,19.89,broken clouds
128,Tasiilaq,GL,65.6145,-37.6368,41.16,99,100,3.02,light rain
129,Nome,US,64.5011,-165.4064,51.87,76,75,10.36,broken clouds
130,Lavumisa,SZ,-27.31,31.892,58.46,91,0,4.54,clear sky
131,Port Lincoln,AU,-34.7333,135.8667,53.24,92,83,19.08,broken clouds
132,Calama,CL,-22.4667,-68.9333,64.89,7,0,27.63,clear sky
133,Harper,LR,4.375,-7.7169,74.71,89,17,5.77,few clouds
134,Lahij,YE,13.1667,44.5833,85.33,59,42,8.95,scattered clouds
135,Abilene,US,32.4487,-99.7331,94.17,26,0,13.8,clear sky
136,Kloulklubed,PW,7.0419,134.2556,75.7,74,99,4.9,overcast clouds
137,Hvide Sande,DK,56.0045,8.1294,57.09,73,98,21.5,overcast clouds
138,Burns Lake,CA,54.2331,-125.7533,56.62,50,98,12.3,overcast clouds
139,Provideniya,RU,64.3833,-173.3,48.36,81,100,13.42,overcast clouds
140,Pevek,RU,69.7008,170.3133,43.56,62,8,15.97,clear sky
141,Ilulissat,GL,69.2167,-51.1,39.22,87,75,4.61,broken clouds
142,Chuy,UY,-33.6971,-53.4616,57.67,94,16,6.4,few clouds
143,Kodiak,US,57.79,-152.4072,54.91,82,100,13.8,light rain
144,Senno,RU,59.5336,33.9167,35.26,98,30,4.47,scattered clouds
145,Rosarito,MX,32.3333,-117.0333,98.64,62,8,7.09,clear sky
146,Saskylakh,RU,71.9167,114.0833,36.66,82,98,9.28,overcast clouds
147,Okha,RU,53.5739,142.9478,54.41,70,100,28.59,overcast clouds
148,Iquitos,PE,-3.7481,-73.2472,84.24,79,40,2.3,scattered clouds
149,Bethanien,NA,-26.502,17.1583,65.88,19,0,0.22,clear sky
150,Port Keats,AU,-14.25,129.55,79.12,74,26,3.96,scattered clouds
151,Khatanga,RU,71.9667,102.5,29.3,91,87,8.61,overcast clouds
152,Buraydah,SA,26.326,43.975,86.45,10,0,7.14,clear sky
153,Doljesti,RO,47.0333,26.9833,60.75,80,9,5.26,clear sky
154,Hermanus,ZA,-34.4187,19.2345,50.81,88,12,8.43,few clouds
155,Plettenberg Bay,ZA,-34.0527,23.3716,55.44,59,0,3.6,clear sky
156,Port Macquarie,AU,-31.4333,152.9167,59.9,78,51,7.09,broken clouds
157,Nagato,JP,34.3833,131.2,75.25,72,100,15.9,overcast clouds
158,Carmo Do Rio Claro,BR,-20.9719,-46.1189,69.51,41,20,5.1,few clouds
159,Husavik,IS,66.0449,-17.3389,50.61,87,60,3.58,broken clouds
160,Dombarovskiy,RU,50.7587,59.5386,46.06,58,23,7.56,few clouds
161,La Asuncion,VE,11.0333,-63.8628,83.93,74,51,3.44,broken clouds
162,Mareeba,AU,-17.0,145.4333,71.47,89,72,5.44,broken clouds
163,Narsaq,GL,60.9167,-46.05,48.42,85,45,3.44,scattered clouds
164,Arlit,NE,18.7369,7.3853,96.15,16,63,8.79,broken clouds
165,Clyde River,CA,70.4692,-68.5914,35.83,100,100,14.97,overcast clouds
166,Monrovia,LR,6.3005,-10.7969,76.03,87,100,8.97,light rain
167,Bayan,CN,46.0833,127.4,62.47,74,24,13.24,few clouds
168,Vestmannaeyjar,IS,63.4427,-20.2734,53.56,88,100,8.08,overcast clouds
169,Lubao,PH,14.9167,120.55,83.91,85,91,2.46,overcast clouds
170,Luga,RU,58.7372,29.8453,39.18,95,29,5.08,scattered clouds
171,Constitucion,CL,-35.3333,-72.4167,47.75,83,94,8.1,overcast clouds
172,Codrington,AU,-38.2667,141.9667,56.03,94,100,18.3,overcast clouds
173,Port Elizabeth,ZA,-33.918,25.5701,56.32,98,0,5.75,clear sky
174,Muriwai Beach,NZ,-36.8167,174.45,57.76,50,72,4.36,broken clouds
175,Olga,RU,43.7444,135.2892,64.18,65,0,3.18,clear sky
176,Veraval,IN,20.9,70.3667,80.6,81,97,13.11,overcast clouds
177,Coihaique,CL,-45.5752,-72.0662,38.01,97,97,2.35,overcast clouds
178,Amga,RU,60.8953,131.9608,43.61,88,100,12.84,light rain
179,Half Moon Bay,US,37.4636,-122.4286,107.55,53,0,10.36,clear sky
180,Victoria,HK,22.2855,114.1577,84.18,83,99,5.99,overcast clouds
181,San Borja,BO,-14.8167,-66.85,83.46,28,4,3.58,clear sky
182,Los Llanos De Aridane,ES,28.6585,-17.9182,71.35,93,0,14.97,clear sky
183,Dogbo,BJ,6.8167,1.7833,73.87,91,53,4.83,broken clouds
184,Hualmay,PE,-11.0964,-77.6139,61.84,77,39,11.03,scattered clouds
185,Karakol,KG,42.4907,78.3936,60.82,38,0,4.83,clear sky
186,Bubaque,GW,11.2833,-15.8333,80.71,81,100,4.88,moderate rain
187,Palu,ID,-0.8917,119.8707,76.77,90,97,2.17,overcast clouds
188,Dingle,PH,10.9995,122.6711,78.6,89,64,3.96,broken clouds
189,Sulangan,PH,11.1373,123.7228,83.17,77,64,6.29,broken clouds
190,Panaba,MX,21.2833,-88.2667,84.9,65,73,10.31,broken clouds
191,Luwingu,ZM,-10.2621,29.9271,61.12,41,0,6.55,clear sky
192,Padang,ID,-0.9492,100.3543,76.96,74,100,4.32,overcast clouds
193,Sangar,RU,63.9242,127.4739,44.15,80,100,15.59,overcast clouds
194,Bilma,NE,18.6853,12.9164,92.1,27,12,1.14,few clouds
195,Black River,JM,18.0264,-77.8487,82.22,79,26,3.29,scattered clouds
196,Togur,RU,58.3631,82.8265,42.6,89,100,24.23,light rain
197,Tuatapere,NZ,-46.1333,167.6833,47.41,73,45,3.09,scattered clouds
198,Belmonte,BR,-15.8631,-38.8828,70.5,82,96,11.7,overcast clouds
199,Tubuala,PA,9.5167,-79.0333,80.51,82,92,6.2,overcast clouds
200,Dalbandin,PK,28.8947,64.4101,83.39,36,0,5.61,clear sky
201,Kamenka,RU,51.3223,42.7678,45.59,53,100,8.08,overcast clouds
202,The Valley,AI,18.217,-63.0578,85.86,79,40,5.75,scattered clouds
203,San Vicente,AR,-26.6167,-54.1333,56.68,97,29,2.21,scattered clouds
204,Paranaiba,BR,-19.6772,-51.1908,86.05,22,81,7.09,broken clouds
205,Rochegda,RU,62.8,43.25,38.66,96,91,5.44,overcast clouds
206,Petropavlovsk-Kamchatskiy,RU,53.0452,158.6483,52.39,100,75,0.0,broken clouds
207,Lata,PT,40.1629,-8.3327,67.82,91,96,1.39,overcast clouds
208,Torbay,CA,47.6666,-52.7314,55.27,79,75,9.22,broken clouds
209,Champerico,GT,14.3,-91.9167,88.34,75,18,8.34,few clouds
210,Bastia,FR,42.6667,9.3333,76.3,90,20,2.3,few clouds
211,East London,ZA,-33.0153,27.9116,62.33,87,18,9.15,few clouds
212,Tecoanapa,MX,16.5167,-98.75,83.95,68,100,9.06,overcast clouds
213,Vila Velha,BR,-20.3297,-40.2925,71.55,72,75,6.91,broken clouds
214,Ancud,CL,-41.8697,-73.8203,43.23,86,98,8.43,overcast clouds
215,San Carlos De Bariloche,AR,-41.1456,-71.3082,40.24,63,40,17.27,scattered clouds
216,Mahebourg,MU,-20.4081,57.7,70.09,78,75,6.91,broken clouds
217,Zonguldak,TR,41.25,31.8333,49.12,92,0,3.04,clear sky
218,Maningrida,AU,-12.0667,134.2667,78.85,73,41,2.04,scattered clouds
219,Pacific Grove,US,36.6177,-121.9166,92.88,70,0,5.75,clear sky
220,Strelka,RU,58.0728,93.0344,55.99,93,100,9.53,overcast clouds
221,Sobolevo,RU,54.4299,31.8996,41.22,95,86,5.95,overcast clouds
222,Humaita,BR,-7.5061,-63.0208,88.05,40,95,2.39,overcast clouds
223,Vydrino,RU,51.485,104.8461,57.94,73,27,3.98,scattered clouds
224,Palmer,US,42.1584,-72.3287,69.62,76,75,5.75,broken clouds
225,Souillac,MU,-20.5167,57.5167,70.18,78,75,6.91,broken clouds
226,Nouadhibou,MR,20.931,-17.0347,75.18,73,12,20.71,few clouds
227,Mount Gambier,AU,-37.8333,140.7667,55.31,94,100,16.11,light intensity shower rain
228,Boali,CF,4.8005,18.1275,71.56,95,95,2.75,overcast clouds
229,Tabou,CI,4.423,-7.3528,74.3,91,54,4.88,broken clouds
230,Hasaki,JP,35.7333,140.8333,73.8,84,72,16.75,broken clouds
231,Havelock,US,34.8791,-76.9013,80.55,93,92,2.57,heavy intensity rain
232,Lamont,US,35.2597,-118.9143,109.67,20,0,10.67,clear sky
233,Korla,CN,41.7597,86.1469,76.06,20,0,5.28,clear sky
234,Mohgaon,IN,21.65,78.7167,75.2,92,94,4.16,overcast clouds
235,Ketchikan,US,55.3422,-131.6461,61.27,72,100,6.91,overcast clouds
236,Marsh Harbour,BS,26.5412,-77.0636,84.16,70,22,7.02,few clouds
237,Nichinan,JP,31.6,131.3667,73.08,70,94,7.99,overcast clouds
238,Ca Mau,VN,9.1769,105.15,75.25,92,100,5.48,overcast clouds
239,Palaia Fokaia,GR,37.72,23.9463,74.75,57,0,20.49,clear sky
240,Karatuzskoye,RU,53.6072,92.8667,64.85,49,96,6.85,overcast clouds
241,Labuan,MY,5.2767,115.2417,77.36,94,40,0.0,scattered clouds
242,Dennis,US,41.7354,-70.1939,68.81,82,100,5.75,overcast clouds
243,Sakaraha,MG,-22.9,44.5333,60.08,85,0,4.74,clear sky
244,Beringovskiy,RU,63.05,179.3167,45.39,63,5,7.0,clear sky
245,Sibu,MY,2.3,111.8167,73.71,94,40,2.3,scattered clouds
246,Geraldton,AU,-28.7667,114.6,50.41,93,87,3.44,overcast clouds
247,Kimbe,PG,-5.5502,150.1429,87.26,59,62,3.06,broken clouds
248,Rodrigues Alves,BR,-7.738,-72.6509,86.2,40,49,1.14,scattered clouds
249,Ratnagiri,IN,16.9833,73.3,77.5,92,100,10.38,heavy intensity rain
250,Sibolga,ID,1.7427,98.7792,75.4,87,100,3.94,overcast clouds
251,Cabo San Lucas,MX,22.8909,-109.9124,81.05,87,100,28.77,overcast clouds
252,Debre Tabor,ET,11.85,38.0167,51.93,84,100,3.36,overcast clouds
253,Henties Bay,NA,-22.116,14.2845,56.75,83,0,5.68,clear sky
254,Aklavik,CA,68.2191,-135.0107,47.03,58,100,3.91,overcast clouds
255,Kyzyl-Suu,KG,42.3414,78.0056,62.98,38,0,7.4,clear sky
256,Yellowknife,CA,62.456,-114.3525,50.52,66,75,12.66,broken clouds
257,Campos,BR,-21.75,-41.3,71.65,68,0,16.11,clear sky
258,Asau,RO,46.4333,26.4,51.28,91,14,4.68,few clouds
259,Canon City,US,38.441,-105.2424,96.96,11,0,16.11,clear sky
260,Cartagena Del Chaira,CO,1.3349,-74.8429,74.53,82,70,2.46,broken clouds
261,Ondangwa,NA,-17.9167,15.95,69.8,26,0,4.61,clear sky
262,Kibala,TD,9.1104,18.3463,76.06,86,99,3.42,overcast clouds
263,Dubrovnik,HR,42.6481,18.0922,73.04,68,0,5.75,clear sky
264,Quelimane,MZ,-17.8786,36.8883,68.83,81,0,4.32,clear sky
265,Rosario Do Sul,BR,-30.2583,-54.9142,61.66,72,0,3.69,clear sky
266,Simao,CN,22.7886,100.9748,62.35,80,76,2.73,broken clouds
267,Barabinsk,RU,55.3571,78.357,45.88,75,41,18.23,scattered clouds
268,Bemidji,US,47.4736,-94.8803,79.18,48,0,6.91,clear sky
269,Northam,GB,51.0333,-4.2167,59.4,95,73,16.67,light rain
270,Tukrah,LY,32.5341,20.5791,77.02,61,0,17.63,clear sky
271,Popondetta,PG,-8.7537,148.2534,87.46,48,23,1.88,few clouds
272,Alofi,NU,-19.0595,-169.9187,82.29,61,3,11.5,clear sky
273,Salamiyah,SY,35.0113,37.0532,72.52,81,0,5.57,clear sky
274,Christiansburg,US,37.1298,-80.4089,77.2,77,100,8.05,overcast clouds
275,Vostok,RU,46.4856,135.8833,57.04,74,9,8.03,clear sky
276,Dongli,CN,23.5656,116.8194,75.18,94,93,2.24,overcast clouds
277,Sungaipenuh,ID,-2.0833,101.3833,62.67,85,100,1.74,overcast clouds
278,Ust-Kuyga,RU,70.0167,135.6,45.1,72,100,7.99,overcast clouds
279,Jasdan,IN,22.0333,71.2,79.12,78,89,10.56,overcast clouds
280,Bac Lieu,VN,9.285,105.7244,76.69,88,100,8.99,overcast clouds
281,Rocha,UY,-34.4833,-54.3333,59.14,89,0,5.37,clear sky
282,Qui Nhon,VN,13.7667,109.2333,76.39,90,100,5.08,overcast clouds
283,Necochea,AR,-38.5473,-58.7368,61.09,59,91,11.18,overcast clouds
284,Talnakh,RU,69.4865,88.3972,33.21,82,12,2.19,few clouds
285,Sorland,NO,67.667,12.6934,49.86,71,43,10.22,scattered clouds
286,Svetlogorsk,BY,52.6333,29.7333,46.31,64,94,5.5,overcast clouds
287,Bathsheba,BB,13.2167,-59.5167,83.01,78,20,8.05,few clouds
288,Sorrento,IT,40.626,14.3744,77.65,87,0,1.01,clear sky
289,Srednebelaya,RU,50.6594,128.0106,50.38,65,26,9.4,scattered clouds
290,Wanning,CN,18.8003,110.3967,79.56,89,100,5.68,heavy intensity rain
291,Saint George,US,37.1041,-113.5841,106.43,16,0,10.36,clear sky
292,Timmins,CA,48.4669,-81.3331,75.02,43,40,4.61,scattered clouds
293,Jiexiu,CN,37.0244,111.9125,66.79,44,99,1.61,overcast clouds
294,Conakry,GN,9.538,-13.6773,78.87,94,75,4.61,broken clouds
295,Merauke,ID,-8.4667,140.3333,79.59,85,88,10.89,overcast clouds
296,Esperance,AU,-33.8667,121.9,55.24,67,52,14.2,broken clouds
297,Altamira,BR,-3.2033,-52.2064,82.49,69,40,3.44,scattered clouds
298,Ostrovnoy,RU,68.0531,39.5131,42.6,84,100,16.87,light rain
299,Gat,IL,31.61,34.7642,77.68,100,0,3.67,clear sky
300,Nanakuli,US,21.3906,-158.1547,87.75,51,75,10.36,broken clouds
301,Rock Hill,US,34.9249,-81.0251,85.35,62,0,8.05,clear sky
302,El Zapote,MX,21.0667,-102.8,73.58,65,94,8.32,overcast clouds
303,Mbandaka,CD,0.0487,18.2603,74.93,75,73,1.81,broken clouds
304,Saint-Georges,GD,12.0564,-61.7485,80.28,78,40,9.22,scattered clouds
305,College,US,64.8569,-147.8028,57.22,82,75,0.0,broken clouds
306,Naze,JP,28.3667,129.4833,76.12,73,89,9.89,overcast clouds
307,Gebze,TR,40.8028,29.4307,67.06,68,0,11.5,clear sky
308,Mormugao,IN,15.4,73.8,76.26,94,75,2.3,broken clouds
309,Hovd,MN,48.0056,91.6419,62.78,23,0,9.75,clear sky
310,Nanortalik,GL,60.1432,-45.2371,43.65,92,24,4.63,few clouds
311,Garowe,SO,8.4054,48.4845,74.44,61,9,24.85,clear sky
312,Tanete,ID,-3.9443,119.7848,74.8,93,99,4.07,overcast clouds
313,Grand Gaube,MU,-20.0064,57.6608,70.2,74,51,3.0,broken clouds
314,Montrose,US,38.4166,-108.2673,89.01,11,8,8.41,clear sky
315,Warrnambool,AU,-38.3833,142.4833,55.72,93,100,17.47,overcast clouds
316,Nathdwara,IN,24.9333,73.8167,77.58,66,81,3.74,broken clouds
317,Lavrentiya,RU,65.5833,-171.0,43.52,88,100,8.75,light rain
318,Meylan,FR,45.2199,5.7901,71.29,82,93,3.83,light rain
319,Viiratsi,EE,58.36,25.6372,41.02,83,100,3.71,overcast clouds
320,Taketa,JP,32.9652,131.3785,69.78,77,100,1.9,overcast clouds
321,Makakilo City,US,21.3469,-158.0858,86.32,50,75,13.8,broken clouds
322,Asmar,AF,35.0333,71.3581,74.71,85,13,3.09,few clouds
323,Lamu,KE,-2.2717,40.902,75.42,83,13,15.46,few clouds
324,Nelspruit,ZA,-25.4745,30.9703,57.49,94,0,8.05,clear sky
325,Westport,US,41.1415,-73.3579,72.01,67,100,12.66,overcast clouds
326,Atarra,IN,25.2833,80.5667,82.63,66,76,5.01,broken clouds
327,Waddan,LY,29.1614,16.139,77.14,55,0,11.74,clear sky
328,Benguela,AO,-12.5763,13.4055,71.02,87,94,4.18,overcast clouds
329,Maglaj,BA,44.5492,18.0967,64.76,92,99,4.85,light rain
330,Tanout,NE,14.9709,8.8879,80.56,62,100,8.41,overcast clouds
331,Kavieng,PG,-2.5744,150.7967,84.29,70,63,12.88,broken clouds
332,Leninskoye,KZ,41.7589,69.3864,69.82,28,0,5.37,clear sky
333,Tual,ID,-5.6667,132.75,80.02,82,32,10.78,scattered clouds
334,Mahon,ES,39.8885,4.2658,79.36,89,20,8.05,few clouds
335,Hattiesburg,US,31.3271,-89.2903,88.29,67,0,3.44,clear sky
336,Sandwick,GB,60.0,-1.25,57.02,94,100,16.11,overcast clouds
337,Broome,US,42.2506,-75.833,68.77,87,100,3.44,overcast clouds
338,Linxia,CN,35.6003,103.2064,53.67,70,82,5.19,broken clouds
339,Otradnoye,RU,59.7775,30.8181,46.94,95,57,4.32,broken clouds
340,Rio Grande,BR,-32.035,-52.0986,62.94,85,83,6.4,broken clouds
341,Krutaya Gorka,RU,55.3649,73.2231,42.48,88,13,11.9,few clouds
342,Katsuura,JP,35.1333,140.3,79.63,81,44,15.3,scattered clouds
343,Kruisfontein,ZA,-34.0033,24.7314,54.3,80,0,5.26,clear sky
344,Birin,NP,26.8865,88.0718,63.45,88,99,4.09,overcast clouds
345,San Francisco,US,37.7749,-122.4194,106.32,50,20,10.36,few clouds
346,Brighton,GB,50.8284,-0.1395,63.21,94,100,14.0,light rain
347,Severo-Kurilsk,RU,50.6789,156.125,56.5,93,100,16.96,light rain
348,Sandane,NO,61.7728,6.215,51.84,87,53,2.3,broken clouds
349,Caceres,ES,39.522,-6.3748,66.65,53,95,5.37,overcast clouds
350,Pathein,MM,16.7833,94.7333,75.96,94,99,2.37,overcast clouds
351,Bestobe,KZ,52.4994,73.0975,48.11,65,6,12.93,clear sky
352,Sao Miguel,BR,-5.4667,-35.3667,74.17,78,0,18.77,clear sky
353,Morondava,MG,-20.2833,44.2833,70.34,63,0,10.07,clear sky
354,Kazanskaya,RU,45.4106,40.4361,52.05,41,22,6.13,few clouds
355,Longyearbyen,SJ,78.2186,15.6401,40.84,93,75,3.44,broken clouds
356,Axim,GH,4.8699,-2.2405,74.17,93,3,6.98,clear sky
357,Dingli,MT,35.8614,14.3822,78.82,83,20,3.44,few clouds
358,Kangavar,IR,34.5043,47.9653,70.48,27,0,1.43,clear sky
359,Dunmanway,IE,51.7167,-9.1167,58.12,94,87,7.83,overcast clouds
360,Muros,ES,42.7762,-9.0603,66.09,88,93,3.83,overcast clouds
361,Xucheng,CN,20.35,110.1288,78.06,90,100,9.51,overcast clouds
362,Boksitogorsk,RU,59.474,33.8485,35.6,98,29,4.43,scattered clouds
363,Umm Lajj,SA,25.0213,37.2685,84.85,54,0,11.07,clear sky
364,Akhtubinsk,RU,48.2795,46.1722,50.99,45,0,5.44,clear sky
365,Cherskiy,RU,68.75,161.3,57.0,38,62,17.45,broken clouds
366,Troitskoye,RU,52.9821,84.6757,58.41,42,96,13.8,overcast clouds
367,Saint-Francois,FR,46.4154,3.9054,62.04,94,75,2.3,broken clouds
368,Port Hardy,CA,50.6996,-127.4199,62.78,67,75,9.22,light intensity shower rain
369,Port-Gentil,GA,-0.7193,8.7815,76.96,88,75,13.8,broken clouds
370,Liverpool,GB,53.4106,-2.9779,60.15,92,20,10.36,few clouds
371,Jijiga,ET,9.35,42.8,63.36,84,35,10.49,scattered clouds
372,Aykhal,RU,66.0,111.5,33.93,88,20,7.49,few clouds
373,Colares,PT,38.7992,-9.4469,72.34,71,75,11.99,broken clouds
374,Punta Alta,AR,-38.8759,-62.0736,55.31,63,99,12.41,overcast clouds
375,Conceicao Do Araguaia,BR,-8.2578,-49.2647,84.65,27,20,3.31,few clouds
376,Wagar,SD,16.1525,36.2032,85.26,61,96,21.52,overcast clouds
377,Sur,OM,22.5667,59.5289,79.21,70,0,11.03,clear sky
378,Broken Hill,AU,-31.95,141.4333,55.31,70,91,24.58,overcast clouds
379,Pangnirtung,CA,66.1451,-65.7125,51.8,58,100,19.57,overcast clouds
380,Qandala,SO,11.472,49.8728,89.31,53,3,4.21,clear sky
381,Nantucket,US,41.2835,-70.0995,71.71,75,0,12.66,clear sky
382,Lishui,CN,28.4604,119.9103,73.65,70,39,0.74,scattered clouds
383,Kanker,IN,20.2719,81.4931,74.57,94,89,2.21,overcast clouds
384,Shelburne,CA,44.0787,-80.2041,72.75,72,3,9.17,clear sky
385,Airai,TL,-8.9266,125.4092,64.83,37,96,2.84,overcast clouds
386,Ronneby,SE,56.21,15.276,50.5,100,75,9.22,broken clouds
387,Nivala,FI,63.9167,24.9667,34.68,90,25,0.76,scattered clouds
388,Itarema,BR,-2.9248,-39.9167,77.92,78,3,17.34,clear sky
389,Sennoy,RU,52.1509,46.9631,46.24,62,99,5.17,overcast clouds
390,Severo-Yeniseyskiy,RU,60.3725,93.0408,50.36,91,81,13.35,broken clouds
391,Kyren,RU,51.6828,102.1408,58.78,55,10,3.4,clear sky
392,Sweetwater,US,25.7634,-80.3731,91.0,73,75,10.36,broken clouds
393,Envira,BR,-7.3,-70.2167,84.07,40,19,2.42,few clouds
394,Baruun-Urt,MN,46.6806,113.2792,61.75,46,2,2.8,clear sky
395,Kawalu,ID,-7.3817,108.2082,71.62,97,100,0.98,overcast clouds
396,Pemangkat,ID,1.1667,108.9667,77.02,86,99,2.46,overcast clouds
397,Srednekolymsk,RU,67.45,153.6833,58.73,39,100,10.8,overcast clouds
398,Dali,CN,25.7,100.1833,57.74,81,78,2.33,broken clouds
399,Touros,BR,-5.1989,-35.4608,75.11,79,0,17.4,clear sky
400,Ewa Beach,US,21.3156,-158.0072,87.75,50,40,13.8,scattered clouds
401,Palana,RU,59.1167,159.9667,51.85,68,91,8.34,overcast clouds
402,Margate,GB,51.3813,1.3862,60.91,93,100,3.0,light rain
403,Marck,FR,50.949,1.9433,63.03,86,100,12.59,overcast clouds
404,Srandakan,ID,-7.9386,110.2506,75.2,91,97,5.06,overcast clouds
405,Lorengau,PG,-2.0226,147.2712,83.73,70,56,4.18,broken clouds
406,Changji,CN,44.0167,87.3167,79.59,18,0,11.18,clear sky
407,Chulumani,BO,-16.4096,-67.5263,65.03,63,2,2.64,clear sky
408,Shuangcheng,CN,45.35,126.2833,60.48,71,0,13.29,clear sky
409,Elizabeth City,US,36.2946,-76.2511,82.0,73,0,19.57,clear sky
410,Dvinskoy,RU,62.1535,45.1175,33.71,96,43,5.35,scattered clouds
411,Grafing,DE,48.0503,11.9661,66.45,88,99,4.03,overcast clouds
412,Republic,US,37.12,-93.4802,82.87,49,20,10.36,few clouds
413,Riyadh,SA,24.6877,46.7219,95.14,16,0,9.6,clear sky
414,Betera,ES,39.5833,-0.45,82.63,72,0,3.44,clear sky
415,Ambilobe,MG,-13.2,49.05,63.86,79,11,4.27,few clouds
416,Kem,RU,64.9555,34.5793,41.32,80,99,8.08,overcast clouds
417,Banepa,NP,27.6298,85.5214,68.32,94,75,0.0,broken clouds
418,Marawi,PH,7.9986,124.2928,71.49,91,99,0.65,overcast clouds
419,Aquiraz,BR,-3.9014,-38.3911,79.18,80,1,11.03,clear sky
420,Valparaiso,CL,-33.0393,-71.6273,55.99,96,100,9.22,overcast clouds
421,Itoman,JP,26.1247,127.6694,80.62,78,40,16.11,scattered clouds
422,Bukachacha,RU,52.9833,116.9167,45.37,64,3,2.84,clear sky
423,Nisia Floresta,BR,-6.0911,-35.2086,77.38,75,0,14.47,clear sky
424,Luce,FR,48.4369,1.4636,58.89,95,83,3.0,broken clouds
425,Te Anau,NZ,-45.4167,167.7167,39.34,91,87,1.14,overcast clouds
426,Nieuw Nickerie,SR,5.95,-56.9833,81.05,82,7,10.83,clear sky
427,Whitehorse,CA,60.7161,-135.0538,64.09,44,40,5.75,scattered clouds
428,Kuusamo,FI,65.9667,29.1833,37.44,87,100,1.14,overcast clouds
429,Banjar,ID,-8.19,114.9675,75.88,88,61,3.0,broken clouds
430,Izhma,RU,65.0083,53.9113,34.38,98,58,4.92,broken clouds
431,Goderich,CA,43.7501,-81.7165,70.92,73,0,11.5,clear sky
432,Mirnyy,RU,62.5353,113.9611,37.24,100,23,8.99,few clouds
433,Tabas,IR,33.5959,56.9244,82.62,12,0,4.61,clear sky
434,Samarinda,ID,-0.5,117.15,73.53,98,100,1.52,light rain
435,Sao Francisco De Assis,BR,-29.5503,-55.1311,61.84,73,0,5.23,clear sky
436,Krasnozerskoye,RU,53.9828,79.2374,48.74,66,9,15.35,clear sky
437,Chandbali,IN,20.7833,86.7667,81.81,84,97,5.64,overcast clouds
438,Moose Factory,CA,51.2585,-80.6094,69.8,59,0,13.8,haze
439,Kulhudhuffushi,MV,6.6221,73.07,80.65,80,100,17.6,overcast clouds
440,La Tuque,CA,47.4334,-72.7824,77.25,44,1,2.3,clear sky
441,Benin,BJ,9.5,2.25,72.36,94,100,1.1,overcast clouds
442,Buritizeiro,BR,-17.3511,-44.9622,72.27,37,86,0.83,overcast clouds
443,La Ronge,CA,55.1001,-105.2842,70.05,43,75,8.05,broken clouds
444,Yumen,CN,40.2833,97.2,65.8,15,0,3.27,clear sky
445,Japura,ID,-0.3167,102.35,70.7,94,100,2.42,overcast clouds
446,San-Pedro,CI,4.7485,-6.6363,73.13,93,56,5.26,broken clouds
447,Ajdabiya,LY,30.7554,20.2263,74.25,55,0,11.1,clear sky
448,Abu Kamal,SY,34.4506,40.9171,86.05,33,0,6.4,clear sky
449,Villa Carlos Paz,AR,-31.4241,-64.4978,74.48,10,8,3.0,clear sky
450,Flin Flon,CA,54.7682,-101.865,73.24,38,75,5.75,broken clouds
451,Kota Kinabalu,MY,5.9749,116.0724,75.18,94,20,3.44,few clouds
452,Mehamn,NO,71.0357,27.8492,48.15,87,100,13.8,overcast clouds
453,Almaty,KZ,43.25,76.95,67.91,30,0,6.71,clear sky
454,Sorong,ID,-0.8833,131.25,78.13,87,83,5.66,broken clouds
455,Cordoba,AR,-31.4135,-64.1811,81.75,11,0,14.97,clear sky
456,Susanville,US,40.4163,-120.653,100.24,16,0,13.8,clear sky
457,Leningradskiy,RU,69.3833,178.4167,44.67,52,4,8.52,clear sky
458,Nemuro,JP,43.3236,145.575,64.4,84,70,11.54,broken clouds
459,Oshakati,NA,-17.7833,15.6833,69.82,14,0,10.58,clear sky
460,Klaksvik,FO,62.2266,-6.589,58.12,97,65,17.67,light rain
461,Svetlyy,RU,54.675,20.1347,44.65,90,89,6.31,overcast clouds
462,Faya,SA,18.3851,42.4509,71.71,29,51,6.73,broken clouds
463,Cuauhtemoc,MX,28.4167,-106.8667,69.39,50,96,15.99,overcast clouds
464,Mogadishu,SO,2.0371,45.3438,75.38,85,15,16.11,few clouds
465,Khani,GE,41.9563,42.9566,47.77,79,6,5.28,clear sky
466,Tikrit,IQ,34.6071,43.6782,89.08,24,0,10.07,clear sky
467,Kahului,US,20.8947,-156.47,89.62,64,20,25.32,few clouds
468,Pacifica,US,37.6138,-122.4869,106.07,67,20,6.91,haze
469,Jurbarkas,LT,55.0778,22.7664,49.41,78,76,6.44,broken clouds
470,Saint-Joseph,RE,-21.3667,55.6167,68.38,74,23,7.0,few clouds
471,Ongandjera,NA,-17.8833,15.0667,71.22,17,0,10.36,clear sky
472,Sumter,US,28.7086,-82.0831,87.75,70,90,5.64,overcast clouds
473,Fare,PF,-16.7,-151.0167,77.41,77,3,20.02,light rain
474,Vila Praia De Ancora,PT,41.811,-8.8526,68.72,94,100,7.11,overcast clouds
475,Kavaratti,IN,10.5669,72.642,79.47,82,100,26.13,overcast clouds
476,Khorinsk,RU,52.1657,109.7726,51.73,80,94,1.54,overcast clouds
477,Batagay,RU,67.6333,134.6333,44.06,84,100,11.83,light rain
478,Honiara,SB,-9.4333,159.95,85.78,65,53,8.99,broken clouds
479,Oranjemund,NA,-28.55,16.4333,54.59,91,0,4.27,clear sky
480,Lazaro Cardenas,MX,17.9583,-102.2,84.34,69,54,9.24,broken clouds
481,Midland,US,31.9974,-102.0779,91.69,27,0,17.27,clear sky
482,Alberton,CA,46.8168,-64.0654,66.33,69,2,8.1,clear sky
483,Nara,JP,34.6851,135.8049,77.5,61,94,3.85,overcast clouds
484,Brandfort,ZA,-28.7001,26.4597,45.81,41,0,6.76,clear sky
485,Sao Felix Do Xingu,BR,-6.6447,-51.995,85.66,35,61,2.01,broken clouds
486,Uniontown,US,39.9001,-79.7164,74.95,41,62,3.67,broken clouds
487,Igarka,RU,67.4667,86.5833,31.68,84,100,12.01,overcast clouds
488,Lerwick,GB,60.1545,-1.1494,57.2,95,100,20.42,light rain
489,Macenta,GN,8.5435,-9.471,67.33,100,91,1.74,overcast clouds
490,Wajir,KE,1.7471,40.0573,74.3,58,35,18.19,scattered clouds
491,Outlook,CA,51.5001,-107.0513,93.24,13,60,15.41,broken clouds
492,Guerrero Negro,MX,27.9769,-114.0611,79.81,72,91,26.22,overcast clouds
493,Aksu,CN,41.1231,80.2644,71.78,20,0,2.48,clear sky
494,Arcata,US,40.8665,-124.0828,79.63,70,0,8.99,clear sky
495,Saskatoon,CA,52.1168,-106.6345,92.16,23,75,10.36,broken clouds
496,Uvalde,US,29.3669,-99.767,89.13,30,100,3.44,overcast clouds
497,Lom Sak,TH,16.7798,101.2422,76.89,100,75,0.0,broken clouds
498,Illapel,CL,-31.6308,-71.1653,51.71,71,75,5.28,broken clouds
499,Vardo,NO,70.3705,31.1107,42.78,81,100,11.5,overcast clouds
500,Laguna,US,38.421,-121.4238,110.08,13,0,9.22,clear sky
501,Shenjiamen,CN,29.9576,122.298,76.91,70,56,4.21,broken clouds
502,Taoudenni,ML,22.6783,-3.9836,97.84,14,12,7.14,few clouds
503,Zabol,AF,32.25,67.25,69.48,31,0,6.17,clear sky
504,Ossora,RU,59.2353,163.0719,54.19,87,99,8.93,overcast clouds
505,Samarai,PG,-10.6167,150.6667,81.27,78,37,9.19,scattered clouds
506,Ichinohe,JP,40.2069,141.3017,70.2,73,40,2.13,scattered clouds
507,Luderitz,NA,-26.6481,15.1594,57.74,78,0,10.33,clear sky
508,Kenitra,MA,34.261,-6.5802,61.56,82,70,4.32,broken clouds
509,Ambon,ID,-3.6954,128.1814,77.14,88,20,5.75,few clouds
510,Ullapool,GB,57.8987,-5.1604,55.49,93,58,5.82,broken clouds
511,Angoram,PG,-4.0625,144.0661,83.16,72,69,3.42,broken clouds
512,Urucara,BR,-2.5364,-57.76,87.19,46,51,2.08,broken clouds
513,Balykshi,KZ,47.0667,51.8667,50.0,57,0,8.95,clear sky
514,Puerto Escondido,MX,15.85,-97.0667,83.16,72,65,3.0,broken clouds
515,Tateyama,JP,34.9833,139.8667,78.1,79,89,12.33,overcast clouds
516,Bojnurd,IR,37.4747,57.329,71.55,60,0,13.8,clear sky
517,Samana,DO,19.2056,-69.3369,84.16,82,64,3.4,broken clouds
518,Grants,US,35.1473,-107.8514,88.03,12,0,8.05,clear sky
519,Acarau,BR,-2.8856,-40.12,78.12,78,3,18.25,clear sky
520,Simpang,ID,-1.2667,104.0833,71.11,98,100,2.44,overcast clouds
521,Bonfim,BR,3.0833,-59.95,81.21,72,91,4.81,overcast clouds
522,Anaconda,US,46.1285,-112.9423,90.59,14,58,18.19,broken clouds
523,Camana,PE,-16.6228,-72.7111,59.76,83,18,5.59,few clouds
524,Ribas Do Rio Pardo,BR,-20.4431,-53.7592,81.59,25,26,3.0,scattered clouds
525,Isangel,VU,-19.55,169.2667,82.51,78,40,4.61,scattered clouds
526,Mongo,TD,12.1844,18.693,75.72,76,100,4.43,light rain
527,Eyl,SO,7.9803,49.8164,76.91,72,43,20.6,scattered clouds
528,Thinadhoo,MV,0.5333,72.9333,82.63,70,100,16.46,overcast clouds
529,Zaraza,VE,9.3503,-65.3245,77.59,87,100,2.91,overcast clouds
530,De-Kastri,RU,51.4667,140.7833,63.14,66,48,18.84,scattered clouds
531,Berlevag,NO,70.8578,29.0864,48.2,81,100,13.8,light intensity drizzle
532,Naco,MX,31.3347,-109.9483,84.29,36,94,17.47,overcast clouds
533,Tagab,AF,34.855,69.6492,73.26,64,0,1.43,clear sky
534,Robertson,US,36.5167,-86.8667,82.38,61,20,13.8,few clouds
535,Teknaf,BD,20.8624,92.3058,79.66,89,99,3.62,overcast clouds
536,Iskateley,RU,67.6803,53.1512,36.05,92,95,5.84,overcast clouds
537,Luganville,VU,-15.5333,167.1667,83.17,70,8,6.02,clear sky
538,Bull Savanna,JM,17.8868,-77.5902,79.56,78,52,1.74,broken clouds
539,Beira,MZ,-19.8436,34.8389,70.25,79,0,6.51,clear sky
540,Cap Malheureux,MU,-19.9842,57.6142,69.48,74,40,3.0,scattered clouds
541,Panama City,PA,8.9936,-79.5197,80.29,93,40,2.3,scattered clouds
542,San Patricio,US,28.017,-97.5169,89.92,48,88,6.17,overcast clouds
543,Avera,US,33.194,-82.5271,86.56,53,100,5.68,overcast clouds
544,Jiuquan,CN,39.7432,98.5174,66.24,20,0,4.59,clear sky
545,Port Moresby,PG,-9.4431,147.1797,80.02,89,75,3.44,haze
546,San Roque,ES,36.2107,-5.3842,76.03,47,89,12.66,overcast clouds
547,Mount Darwin,ZW,-16.7725,31.5838,56.48,69,0,4.23,clear sky
548,Alugan,PH,12.2188,125.4808,81.77,81,100,3.49,overcast clouds
549,Chapais,CA,49.7834,-74.8492,69.58,60,100,3.91,overcast clouds
550,Tocopilla,CL,-22.092,-70.1979,59.77,68,22,7.14,few clouds
551,Oxapampa,PE,-10.5775,-75.4017,63.0,77,84,1.48,broken clouds
552,Leh,IN,34.1667,77.5833,52.36,75,96,0.6,overcast clouds
553,Saint-Pierre,RE,-21.3393,55.4781,69.91,64,100,8.05,overcast clouds
554,Maine-Soroa,NE,13.2114,12.0241,81.82,65,79,3.36,light rain
555,Ushtobe,KZ,45.2514,77.9838,71.62,29,0,5.88,clear sky
556,Kurilsk,RU,45.2333,147.8833,62.42,80,58,6.24,broken clouds
557,Parkes,AU,-33.1333,148.1833,59.36,67,100,8.01,moderate rain
558,Fortuna,US,40.5982,-124.1573,80.1,73,91,3.0,overcast clouds
559,Dwarahat,IN,29.7833,79.4333,64.22,91,16,1.57,few clouds
560,Usinsk,RU,65.9939,57.5281,32.79,88,51,8.86,broken clouds
561,Kupang,ID,-10.1667,123.5833,76.84,72,23,5.68,few clouds
562,Capacuaro,MX,19.55,-102.05,60.75,93,93,2.24,overcast clouds
563,Phuket,TH,8.0,98.25,85.12,88,20,2.3,few clouds
564,Oyama,JP,36.3,139.8,78.58,93,100,3.62,light rain
565,Maragogi,BR,-9.0122,-35.2225,72.84,74,0,9.15,clear sky
566,Homer,US,59.6425,-151.5483,55.29,74,100,1.01,overcast clouds
567,Khash,IR,28.2211,61.2158,72.61,22,0,1.7,clear sky
568,Balkanabat,TM,39.5108,54.3671,79.86,35,90,2.53,overcast clouds
569,Kamaishi,JP,39.2667,141.8833,71.42,82,99,10.56,overcast clouds
570,Sioux Lookout,CA,50.1001,-91.917,75.27,38,20,9.22,few clouds
571,Palmares Do Sul,BR,-30.2578,-50.5097,61.68,85,41,7.0,scattered clouds
572,Yerbogachen,RU,61.2767,108.0108,37.74,91,86,5.26,overcast clouds
573,Newcastle,AU,-32.9272,151.7765,63.79,76,20,6.91,few clouds
574,Chirongui,YT,-12.9319,45.1483,75.13,72,6,6.69,clear sky
575,Vila Franca Do Campo,PT,37.7167,-25.4333,79.2,92,69,8.84,broken clouds
576,Aleksandrovka,UA,46.8383,32.7612,52.12,45,0,2.24,clear sky
577,Chaykovskiy,RU,56.7686,54.1148,46.11,94,100,6.02,overcast clouds
578,Inyonga,TZ,-6.7167,32.0667,72.91,44,79,8.21,broken clouds
579,Antofagasta,CL,-23.65,-70.4,58.28,82,27,4.59,scattered clouds
580,Aswan,EG,24.0934,32.907,85.01,34,0,10.36,clear sky
581,Almas,RO,46.2833,22.2333,60.94,83,47,5.08,scattered clouds
582,Naro Moru,KE,-0.1676,37.0213,54.16,94,99,9.33,overcast clouds
583,Gokak,IN,16.1667,74.8333,73.33,92,100,5.28,light rain
584,Porto Tolle,IT,44.9497,12.3245,75.16,79,85,9.55,overcast clouds
585,Piacabucu,BR,-10.4056,-36.4344,73.04,71,1,10.04,clear sky
586,Novi Sanzhary,UA,49.3439,34.3108,47.43,59,13,7.0,few clouds
587,Aguimes,ES,27.9054,-15.4461,72.23,73,75,24.16,broken clouds
588,Omboue,GA,-1.5746,9.2618,74.39,87,100,8.66,overcast clouds
589,Nileshwar,IN,12.25,75.1,76.82,91,100,8.5,overcast clouds
590,Quatre Cocos,MU,-20.2078,57.7625,69.91,69,80,8.63,broken clouds
591,Katobu,ID,-4.9408,122.5276,76.41,88,61,3.49,broken clouds
592,Inuvik,CA,68.3499,-133.7218,47.41,90,75,4.61,light intensity drizzle
593,Uruzgan,AF,32.8333,66.0,70.74,20,0,1.43,clear sky
594,Santiago Del Estero,AR,-27.7951,-64.2615,77.63,25,69,8.59,broken clouds
595,Urumqi,CN,43.801,87.6005,76.15,18,0,11.18,clear sky
596,Lagunas,PE,-5.2269,-75.6753,84.72,49,73,2.66,broken clouds
597,Shestakovo,RU,56.4915,103.96,51.4,93,100,6.15,overcast clouds
598,Hearst,CA,49.6835,-83.6665,75.45,51,2,0.69,clear sky
599,Jingdezhen,CN,29.2947,117.2079,74.97,64,98,3.47,overcast clouds
600,Odienne,CI,9.51,-7.5692,71.06,96,100,3.89,light rain
601,Inta,RU,66.0317,60.1659,32.41,89,53,5.5,broken clouds
602,Pavlovskiy,RU,57.8424,54.8436,42.17,97,97,4.9,overcast clouds
603,Escanaba,US,45.7453,-87.0646,75.51,72,20,6.91,few clouds
604,Baykit,RU,61.67,96.37,48.02,99,100,5.12,light rain
605,Svetlaya,RU,46.5389,138.3297,64.06,60,0,9.73,clear sky
606,Alcanena,PT,39.459,-8.6689,71.08,86,74,2.66,broken clouds
607,Ucluelet,CA,48.9329,-125.5528,68.31,72,2,8.01,clear sky
608,Warmbad,NA,-28.45,18.7333,66.16,16,0,3.98,clear sky
609,Safranbolu,TR,41.2508,32.6942,51.62,90,0,1.77,clear sky
610,Tokur,RU,53.1333,132.9,40.98,93,100,7.45,overcast clouds
611,Bawku,GH,11.0616,-0.2417,75.74,88,98,6.11,moderate rain
612,Woodland,US,38.6785,-121.7733,109.62,11,20,10.36,few clouds
613,Alegrete,BR,-29.7831,-55.7919,61.27,74,1,7.94,clear sky
614,Amapa,BR,1.0,-52.0,70.99,99,100,1.5,moderate rain
615,Mount Isa,AU,-20.7333,139.5,71.37,64,75,3.44,broken clouds
616,Ahuimanu,US,21.4447,-157.8378,87.51,59,40,13.8,scattered clouds
617,Anadyr,RU,64.75,177.4833,46.9,61,0,8.95,clear sky
618,Male,MV,4.1748,73.5089,82.35,83,75,13.8,broken clouds
619,Bloomfield,US,40.8068,-74.1854,73.06,80,100,10.36,overcast clouds
620,Adrar,MR,20.5022,-10.0711,97.75,15,3,9.13,clear sky
621,Teacapan,MX,22.55,-105.75,86.05,68,100,9.82,overcast clouds
622,Deputatskiy,RU,69.3,139.9,38.19,92,100,7.18,light rain
623,Roald,NO,62.5833,6.1333,55.76,93,32,4.61,scattered clouds
624,Qarchi Gak,AF,37.04,66.7889,80.15,13,0,9.15,clear sky
625,Dunedin,NZ,-45.8742,170.5036,46.8,70,98,1.01,overcast clouds
626,Gladstone,AU,-23.85,151.25,64.33,77,40,6.91,moderate rain
627,Mukdahan,TH,16.5833,104.5,72.93,95,99,4.45,overcast clouds
628,Mancio Lima,BR,-7.6142,-72.8958,86.07,70,20,4.61,smoke
629,Trofors,NO,65.5333,13.4063,40.87,83,90,3.91,overcast clouds
630,Pitimbu,BR,-7.4706,-34.8086,73.99,75,9,15.01,clear sky
631,Belousovka,KZ,50.1339,82.5239,56.25,38,75,4.47,broken clouds
632,Davila,PH,18.4726,120.5763,78.78,80,19,10.38,few clouds
633,Los Teques,VE,10.3445,-67.0433,69.01,89,92,2.89,overcast clouds
634,Salinopolis,BR,-0.6136,-47.3561,79.81,80,97,12.75,overcast clouds
635,Najran,SA,17.4924,44.1277,81.25,22,5,3.24,clear sky
636,Lapeer,US,43.0514,-83.3188,77.49,38,40,8.05,scattered clouds
637,Nizhniy Kuranakh,RU,58.8353,125.4869,42.01,89,97,10.18,overcast clouds
638,Odesskoye,RU,54.2111,72.9651,45.72,75,10,12.33,clear sky
639,Atbasar,KZ,51.8,68.3333,45.27,58,1,8.01,clear sky
640,Cap-Aux-Meules,CA,47.3821,-61.8597,62.65,67,40,5.75,scattered clouds
641,Progreso,MX,21.2833,-89.6667,82.11,73,52,10.31,broken clouds
642,Inirida,CO,3.8653,-67.9239,75.38,90,54,2.64,broken clouds
643,Karatau,KZ,43.1667,70.4667,63.68,32,0,4.65,clear sky
644,Ambanja,MG,-13.6833,48.45,70.72,84,97,3.85,overcast clouds
645,Shimoda,JP,34.6667,138.95,74.1,91,100,11.61,moderate rain
646,Lucapa,AO,-8.4192,20.7447,75.09,47,41,1.9,scattered clouds
647,Stromness,GB,58.965,-3.296,58.96,93,44,11.99,scattered clouds
648,Tadine,NC,-21.55,167.8833,72.81,79,98,11.83,overcast clouds
649,Hornepayne,CA,49.2138,-84.7705,68.72,46,0,2.51,clear sky
650,Tutoia,BR,-2.7619,-42.2744,79.0,78,28,13.04,scattered clouds
651,Sri Aman,MY,1.2376,111.4621,73.45,94,59,0.0,broken clouds
652,Pelym,RU,61.0108,61.9978,42.82,92,97,3.6,overcast clouds
653,Mount Pleasant,US,32.7941,-79.8626,90.3,72,0,8.05,clear sky
654,Kaeo,NZ,-35.1,173.7833,58.1,57,17,3.06,few clouds
655,Qaqortoq,GL,60.7167,-46.0333,43.2,93,34,3.33,scattered clouds
656,Yatou,CN,37.15,122.3833,68.86,69,0,2.75,clear sky
657,Kajaani,FI,64.2273,27.7285,33.85,93,20,1.14,few clouds
658,Berlin,DE,52.5244,13.4105,67.06,72,0,9.22,clear sky
659,Zlitan,LY,32.4674,14.5687,78.44,69,0,8.63,clear sky
660,Porto Novo,BJ,6.4965,2.6036,78.62,88,20,7.63,few clouds
661,Worthing,GB,50.8145,-0.3713,63.37,88,100,5.01,overcast clouds
662,Starkville,US,33.4504,-88.8184,82.27,89,0,0.0,clear sky
663,Nosy Varika,MG,-20.5833,48.5333,67.77,81,84,0.92,light rain
664,Illora,ES,37.2877,-3.8811,73.58,36,0,0.0,clear sky
665,Ulaangom,MN,49.9811,92.0667,60.98,26,50,3.13,scattered clouds
666,Santa Vitoria Do Palmar,BR,-33.5189,-53.3681,59.85,90,32,5.5,scattered clouds
667,Labytnangi,RU,66.6572,66.4183,33.17,92,73,3.71,broken clouds
668,Guadalupe Y Calvo,MX,26.1,-106.9667,61.32,86,99,1.57,overcast clouds
669,Manga,BF,11.6636,-1.0731,73.4,93,96,5.32,moderate rain
670,Esplanada,BR,-11.7961,-37.945,66.06,94,22,2.84,few clouds
671,Karpathos,GR,35.507,27.2132,75.16,78,0,24.16,clear sky
672,Chipinge,ZW,-20.1883,32.6236,55.6,87,43,5.28,scattered clouds
673,Key Largo,US,25.0865,-80.4473,85.98,67,5,8.28,clear sky
674,Khorramabad,IR,33.4878,48.3558,74.82,31,0,6.91,clear sky
675,Takoradi,GH,4.8845,-1.7554,74.17,93,5,7.49,clear sky
676,Namatanai,PG,-3.6667,152.4333,84.13,68,40,6.91,scattered clouds
677,Kozelsk,RU,54.0375,35.7716,44.87,96,98,5.55,overcast clouds
678,Manokwari,ID,-0.8667,134.0833,81.21,63,98,0.83,overcast clouds
679,Rajakhera,IN,26.8961,78.1714,85.37,54,18,5.14,few clouds
680,Hakkari,TR,37.5833,44.1667,60.58,36,20,4.61,few clouds
681,Asyut,EG,27.181,31.1837,80.78,44,0,9.93,clear sky
682,Eau Claire,US,44.8114,-91.4985,87.17,56,0,5.75,clear sky
683,Datong,CN,40.0936,113.2914,61.99,49,0,1.95,clear sky
684,Nouakchott,MR,18.0858,-15.9785,87.73,74,76,10.67,broken clouds
685,Mao,ES,39.8885,4.2658,79.36,89,0,8.05,clear sky
686,Puerto Narino,CO,-3.7703,-70.3831,80.4,66,75,1.57,broken clouds
687,Richards Bay,ZA,-28.783,32.0377,64.98,74,0,13.78,clear sky
688,Camacha,PT,33.0833,-16.3333,69.22,83,20,8.05,few clouds
689,Alekseyevsk,RU,57.8406,108.3492,42.8,86,91,3.6,overcast clouds
690,Kaniama,CD,-7.5667,24.1833,76.75,31,13,3.49,few clouds
691,Cabedelo,BR,-6.9811,-34.8339,74.07,77,8,16.98,clear sky
692,Praya,CV,14.9215,-23.5087,81.14,74,0,4.61,clear sky
693,Mana,GF,5.6592,-53.7767,79.16,82,15,9.51,few clouds
694,Pisco,PE,-13.7,-76.2167,62.65,77,100,10.36,overcast clouds
695,Qinhuangdao,CN,39.9317,119.5883,70.2,50,0,6.2,clear sky
696,Ukiah,US,39.1502,-123.2078,107.44,18,0,5.75,clear sky
697,Gushikawa,JP,26.3544,127.8686,81.63,82,0,6.91,clear sky
698,Alim,PH,9.5649,122.4876,81.93,76,100,2.15,overcast clouds
699,Mandiana,GN,10.6333,-8.6833,73.13,93,100,4.56,moderate rain
700,Haicheng,CN,40.8516,122.7475,65.61,72,0,7.11,clear sky
701,Morgan City,US,29.6994,-91.2068,77.0,80,48,7.16,scattered clouds
702,Beya,RU,53.0533,90.9139,63.09,53,94,7.16,overcast clouds
703,Saint-Junien,FR,45.8833,0.9,59.85,98,40,3.06,scattered clouds
704,Zunheboto,IN,25.9667,94.5167,64.24,96,100,2.95,overcast clouds
